produto;quantidade;ano
VINHO DE MESA;217.208.604;1970
Tinto;174.224.052;1970
Branco;748.400;1970
Rosado;42.236.152;1970
VINHO FINO DE MESA (VINIFERA);23.899.346;1970
Tinto;7.591.557;1970
Branco;15.562.889;1970
Rosado;744.900;1970
SUCO;1.097.771;1970
Suco de uva integral;1.097.771;1970
Suco de uva concentrado;-;1970
Suco de uva adoçado;-;1970
Suco de uva orgânico;-;1970
Suco de uva reconstituído;-;1970
DERIVADOS;14.164.329;1970
Espumante;-;1970
Espumante moscatel;-;1970
Base espumante;-;1970
Base espumante moscatel;-;1970
Base Champenoise champanha;-;1970
Base Charmat champanha;-;1970
Bebida de uva;-;1970
Polpa de uva;-;1970
Mosto simples;7.170.736;1970
Mosto concentrado;-;1970
Mosto de uva com bagaço;-;1970
Mosto dessulfitado;-;1970
Mistelas;1.072.100;1970
Néctar de uva;-;1970
Licorosos;282.500;1970
Compostos;-;1970
Jeropiga;-;1970
Filtrado;-;1970
Frisante;-;1970
Vinho leve;-;1970
Vinho licoroso;-;1970
Brandy;-;1970
Destilado;830.030;1970
Bagaceira;961.290;1970
Licor de bagaceira;-;1970
Vinagre;-;1970
Borra líquida;3.847.673;1970
Borra seca;-;1970
Vinho Composto;-;1970
Pisco;-;1970
Vinho orgânico;-;1970
Espumante orgânico;-;1970
Destilado alcoólico simples de bagaceira;-;1970
Vinho acidificado;-;1970
Mosto parcialmente fermentado;-;1970
Outros derivados;-;1970
Total;256.370.050;1970
VINHO DE MESA;154.264.651;1971
Tinto;121.133.369;1971
Branco;1.160.500;1971
Rosado;31.970.782;1971
VINHO FINO DE MESA (VINIFERA);23.586.062;1971
Tinto;7.265.666;1971
Branco;15.655.709;1971
Rosado;664.687;1971
SUCO;2.296.654;1971
Suco de uva integral;2.296.654;1971
Suco de uva concentrado;-;1971
Suco de uva adoçado;-;1971
Suco de uva orgânico;-;1971
Suco de uva reconstituído;-;1971
DERIVADOS;13.280.518;1971
Espumante;-;1971
Espumante moscatel;-;1971
Base espumante;-;1971
Base espumante moscatel;-;1971
Base Champenoise champanha;-;1971
Base Charmat champanha;-;1971
Bebida de uva;-;1971
Polpa de uva;-;1971
Mosto simples;7.646.774;1971
Mosto concentrado;-;1971
Mosto de uva com bagaço;-;1971
Mosto dessulfitado;-;1971
Mistelas;818.400;1971
Néctar de uva;-;1971
Licorosos;270.000;1971
Compostos;45.000;1971
Jeropiga;-;1971
Filtrado;-;1971
Frisante;-;1971
Vinho leve;-;1971
Vinho licoroso;-;1971
Brandy;-;1971
Destilado;-;1971
Bagaceira;913.200;1971
Licor de bagaceira;-;1971
Vinagre;21.500;1971
Borra líquida;3.565.644;1971
Borra seca;-;1971
Vinho Composto;-;1971
Pisco;-;1971
Vinho orgânico;-;1971
Espumante orgânico;-;1971
Destilado alcoólico simples de bagaceira;-;1971
Vinho acidificado;-;1971
Mosto parcialmente fermentado;-;1971
Outros derivados;-;1971
Total;193.427.885;1971
VINHO DE MESA;146.953.297;1972
Tinto;118.180.926;1972
Branco;1.812.367;1972
Rosado;26.960.004;1972
VINHO FINO DE MESA (VINIFERA);21.078.771;1972
Tinto;6.782.837;1972
Branco;13.289.304;1972
Rosado;1.006.630;1972
SUCO;3.509.440;1972
Suco de uva integral;3.509.440;1972
Suco de uva concentrado;-;1972
Suco de uva adoçado;-;1972
Suco de uva orgânico;-;1972
Suco de uva reconstituído;-;1972
DERIVADOS;12.314.509;1972
Espumante;-;1972
Espumante moscatel;-;1972
Base espumante;-;1972
Base espumante moscatel;-;1972
Base Champenoise champanha;-;1972
Base Charmat champanha;-;1972
Bebida de uva;-;1972
Polpa de uva;-;1972
Mosto simples;6.051.822;1972
Mosto concentrado;-;1972
Mosto de uva com bagaço;-;1972
Mosto dessulfitado;-;1972
Mistelas;871.200;1972
Néctar de uva;-;1972
Licorosos;254.600;1972
Compostos;1.358.300;1972
Jeropiga;-;1972
Filtrado;-;1972
Frisante;-;1972
Vinho leve;-;1972
Vinho licoroso;-;1972
Brandy;-;1972
Destilado;-;1972
Bagaceira;755.350;1972
Licor de bagaceira;-;1972
Vinagre;8.200;1972
Borra líquida;3.015.037;1972
Borra seca;-;1972
Vinho Composto;-;1972
Pisco;-;1972
Vinho orgânico;-;1972
Espumante orgânico;-;1972
Destilado alcoólico simples de bagaceira;-;1972
Vinho acidificado;-;1972
Mosto parcialmente fermentado;-;1972
Outros derivados;-;1972
Total;183.856.017;1972
VINHO DE MESA;116.710.345;1973
Tinto;88.589.019;1973
Branco;243.900;1973
Rosado;27.877.426;1973
VINHO FINO DE MESA (VINIFERA);12.368.410;1973
Tinto;3.419.625;1973
Branco;7.930.070;1973
Rosado;1.018.715;1973
SUCO;-;1973
Suco de uva integral;-;1973
Suco de uva concentrado;-;1973
Suco de uva adoçado;-;1973
Suco de uva orgânico;-;1973
Suco de uva reconstituído;-;1973
DERIVADOS;28.317.919;1973
Espumante;-;1973
Espumante moscatel;-;1973
Base espumante;-;1973
Base espumante moscatel;-;1973
Base Champenoise champanha;-;1973
Base Charmat champanha;-;1973
Bebida de uva;-;1973
Polpa de uva;-;1973
Mosto simples;21.779.327;1973
Mosto concentrado;-;1973
Mosto de uva com bagaço;-;1973
Mosto dessulfitado;-;1973
Mistelas;512.900;1973
Néctar de uva;-;1973
Licorosos;176.500;1973
Compostos;1.628.000;1973
Jeropiga;-;1973
Filtrado;-;1973
Frisante;-;1973
Vinho leve;-;1973
Vinho licoroso;-;1973
Brandy;-;1973
Destilado;-;1973
Bagaceira;661.270;1973
Licor de bagaceira;-;1973
Vinagre;-;1973
Borra líquida;3.559.922;1973
Borra seca;-;1973
Vinho Composto;-;1973
Pisco;-;1973
Vinho orgânico;-;1973
Espumante orgânico;-;1973
Destilado alcoólico simples de bagaceira;-;1973
Vinho acidificado;-;1973
Mosto parcialmente fermentado;-;1973
Outros derivados;-;1973
Total;157.396.674;1973
VINHO DE MESA;193.875.345;1974
Tinto;146.544.484;1974
Branco;4.138.768;1974
Rosado;43.192.093;1974
VINHO FINO DE MESA (VINIFERA);31.644.124;1974
Tinto;10.047.658;1974
Branco;18.927.471;1974
Rosado;2.668.995;1974
SUCO;-;1974
Suco de uva integral;-;1974
Suco de uva concentrado;-;1974
Suco de uva adoçado;-;1974
Suco de uva orgânico;-;1974
Suco de uva reconstituído;-;1974
DERIVADOS;47.904.934;1974
Espumante;-;1974
Espumante moscatel;-;1974
Base espumante;-;1974
Base espumante moscatel;-;1974
Base Champenoise champanha;-;1974
Base Charmat champanha;-;1974
Bebida de uva;-;1974
Polpa de uva;-;1974
Mosto simples;41.346.735;1974
Mosto concentrado;-;1974
Mosto de uva com bagaço;-;1974
Mosto dessulfitado;-;1974
Mistelas;826.300;1974
Néctar de uva;-;1974
Licorosos;135.000;1974
Compostos;-;1974
Jeropiga;-;1974
Filtrado;-;1974
Frisante;-;1974
Vinho leve;-;1974
Vinho licoroso;-;1974
Brandy;-;1974
Destilado;-;1974
Bagaceira;424.620;1974
Licor de bagaceira;-;1974
Vinagre;35.300;1974
Borra líquida;5.136.979;1974
Borra seca;-;1974
Vinho Composto;-;1974
Pisco;-;1974
Vinho orgânico;-;1974
Espumante orgânico;-;1974
Destilado alcoólico simples de bagaceira;-;1974
Vinho acidificado;-;1974
Mosto parcialmente fermentado;-;1974
Outros derivados;-;1974
Total;273.424.403;1974
VINHO DE MESA;177.401.209;1975
Tinto;144.274.134;1975
Branco;1.441.507;1975
Rosado;31.685.568;1975
VINHO FINO DE MESA (VINIFERA);39.424.590;1975
Tinto;14.731.106;1975
Branco;21.933.695;1975
Rosado;2.759.789;1975
SUCO;-;1975
Suco de uva integral;-;1975
Suco de uva concentrado;-;1975
Suco de uva adoçado;-;1975
Suco de uva orgânico;-;1975
Suco de uva reconstituído;-;1975
DERIVADOS;53.633.143;1975
Espumante;-;1975
Espumante moscatel;-;1975
Base espumante;-;1975
Base espumante moscatel;-;1975
Base Champenoise champanha;-;1975
Base Charmat champanha;-;1975
Bebida de uva;-;1975
Polpa de uva;-;1975
Mosto simples;48.185.206;1975
Mosto concentrado;-;1975
Mosto de uva com bagaço;-;1975
Mosto dessulfitado;-;1975
Mistelas;223.000;1975
Néctar de uva;-;1975
Licorosos;24.000;1975
Compostos;-;1975
Jeropiga;-;1975
Filtrado;-;1975
Frisante;-;1975
Vinho leve;-;1975
Vinho licoroso;-;1975
Brandy;-;1975
Destilado;-;1975
Bagaceira;576.098;1975
Licor de bagaceira;-;1975
Vinagre;-;1975
Borra líquida;4.624.839;1975
Borra seca;-;1975
Vinho Composto;-;1975
Pisco;-;1975
Vinho orgânico;-;1975
Espumante orgânico;-;1975
Destilado alcoólico simples de bagaceira;-;1975
Vinho acidificado;-;1975
Mosto parcialmente fermentado;-;1975
Outros derivados;-;1975
Total;270.458.942;1975
VINHO DE MESA;144.565.438;1976
Tinto;118.360.170;1976
Branco;1.871.473;1976
Rosado;24.333.795;1976
VINHO FINO DE MESA (VINIFERA);34.500.590;1976
Tinto;12.405.154;1976
Branco;19.874.659;1976
Rosado;2.220.777;1976
SUCO;-;1976
Suco de uva integral;-;1976
Suco de uva concentrado;-;1976
Suco de uva adoçado;-;1976
Suco de uva orgânico;-;1976
Suco de uva reconstituído;-;1976
DERIVADOS;22.925.012;1976
Espumante;-;1976
Espumante moscatel;-;1976
Base espumante;-;1976
Base espumante moscatel;-;1976
Base Champenoise champanha;-;1976
Base Charmat champanha;-;1976
Bebida de uva;-;1976
Polpa de uva;-;1976
Mosto simples;18.220.527;1976
Mosto concentrado;-;1976
Mosto de uva com bagaço;-;1976
Mosto dessulfitado;-;1976
Mistelas;205.500;1976
Néctar de uva;-;1976
Licorosos;4.400;1976
Compostos;-;1976
Jeropiga;107.500;1976
Filtrado;-;1976
Frisante;-;1976
Vinho leve;-;1976
Vinho licoroso;-;1976
Brandy;-;1976
Destilado;-;1976
Bagaceira;705.912;1976
Licor de bagaceira;-;1976
Vinagre;288.000;1976
Borra líquida;3.393.173;1976
Borra seca;-;1976
Vinho Composto;-;1976
Pisco;-;1976
Vinho orgânico;-;1976
Espumante orgânico;-;1976
Destilado alcoólico simples de bagaceira;-;1976
Vinho acidificado;-;1976
Mosto parcialmente fermentado;-;1976
Outros derivados;-;1976
Total;201.991.040;1976
VINHO DE MESA;195.359.778;1977
Tinto;154.801.826;1977
Branco;4.954.387;1977
Rosado;35.603.565;1977
VINHO FINO DE MESA (VINIFERA);41.264.971;1977
Tinto;16.131.758;1977
Branco;20.409.231;1977
Rosado;4.723.982;1977
SUCO;-;1977
Suco de uva integral;-;1977
Suco de uva concentrado;-;1977
Suco de uva adoçado;-;1977
Suco de uva orgânico;-;1977
Suco de uva reconstituído;-;1977
DERIVADOS;24.015.856;1977
Espumante;-;1977
Espumante moscatel;-;1977
Base espumante;-;1977
Base espumante moscatel;-;1977
Base Champenoise champanha;-;1977
Base Charmat champanha;-;1977
Bebida de uva;-;1977
Polpa de uva;-;1977
Mosto simples;22.097.156;1977
Mosto concentrado;-;1977
Mosto de uva com bagaço;-;1977
Mosto dessulfitado;-;1977
Mistelas;553.200;1977
Néctar de uva;-;1977
Licorosos;525.000;1977
Compostos;-;1977
Jeropiga;12.500;1977
Filtrado;-;1977
Frisante;-;1977
Vinho leve;-;1977
Vinho licoroso;-;1977
Brandy;-;1977
Destilado;-;1977
Bagaceira;828.000;1977
Licor de bagaceira;-;1977
Vinagre;-;1977
Borra líquida;-;1977
Borra seca;-;1977
Vinho Composto;-;1977
Pisco;-;1977
Vinho orgânico;-;1977
Espumante orgânico;-;1977
Destilado alcoólico simples de bagaceira;-;1977
Vinho acidificado;-;1977
Mosto parcialmente fermentado;-;1977
Outros derivados;-;1977
Total;260.640.605;1977
VINHO DE MESA;200.053.669;1978
Tinto;162.917.363;1978
Branco;5.079.748;1978
Rosado;32.056.558;1978
VINHO FINO DE MESA (VINIFERA);36.750.933;1978
Tinto;15.000.671;1978
Branco;17.640.081;1978
Rosado;4.110.181;1978
SUCO;-;1978
Suco de uva integral;-;1978
Suco de uva concentrado;-;1978
Suco de uva adoçado;-;1978
Suco de uva orgânico;-;1978
Suco de uva reconstituído;-;1978
DERIVADOS;41.607.777;1978
Espumante;-;1978
Espumante moscatel;-;1978
Base espumante;-;1978
Base espumante moscatel;-;1978
Base Champenoise champanha;-;1978
Base Charmat champanha;-;1978
Bebida de uva;-;1978
Polpa de uva;-;1978
Mosto simples;40.052.456;1978
Mosto concentrado;-;1978
Mosto de uva com bagaço;-;1978
Mosto dessulfitado;-;1978
Mistelas;242.150;1978
Néctar de uva;-;1978
Licorosos;479.971;1978
Compostos;75.000;1978
Jeropiga;60.000;1978
Filtrado;-;1978
Frisante;-;1978
Vinho leve;-;1978
Vinho licoroso;-;1978
Brandy;-;1978
Destilado;-;1978
Bagaceira;698.200;1978
Licor de bagaceira;-;1978
Vinagre;-;1978
Borra líquida;-;1978
Borra seca;-;1978
Vinho Composto;-;1978
Pisco;-;1978
Vinho orgânico;-;1978
Espumante orgânico;-;1978
Destilado alcoólico simples de bagaceira;-;1978
Vinho acidificado;-;1978
Mosto parcialmente fermentado;-;1978
Outros derivados;-;1978
Total;278.412.379;1978
VINHO DE MESA;211.252.982;1979
Tinto;154.736.439;1979
Branco;7.146.395;1979
Rosado;49.370.148;1979
VINHO FINO DE MESA (VINIFERA);46.129.710;1979
Tinto;14.356.453;1979
Branco;25.727.132;1979
Rosado;6.046.125;1979
SUCO;-;1979
Suco de uva integral;-;1979
Suco de uva concentrado;-;1979
Suco de uva adoçado;-;1979
Suco de uva orgânico;-;1979
Suco de uva reconstituído;-;1979
DERIVADOS;35.370.846;1979
Espumante;-;1979
Espumante moscatel;-;1979
Base espumante;-;1979
Base espumante moscatel;-;1979
Base Champenoise champanha;-;1979
Base Charmat champanha;-;1979
Bebida de uva;-;1979
Polpa de uva;-;1979
Mosto simples;34.318.456;1979
Mosto concentrado;-;1979
Mosto de uva com bagaço;-;1979
Mosto dessulfitado;-;1979
Mistelas;60.300;1979
Néctar de uva;-;1979
Licorosos;34.000;1979
Compostos;-;1979
Jeropiga;20.000;1979
Filtrado;-;1979
Frisante;-;1979
Vinho leve;-;1979
Vinho licoroso;-;1979
Brandy;-;1979
Destilado;-;1979
Bagaceira;938.090;1979
Licor de bagaceira;-;1979
Vinagre;-;1979
Borra líquida;-;1979
Borra seca;-;1979
Vinho Composto;-;1979
Pisco;-;1979
Vinho orgânico;-;1979
Espumante orgânico;-;1979
Destilado alcoólico simples de bagaceira;-;1979
Vinho acidificado;-;1979
Mosto parcialmente fermentado;-;1979
Outros derivados;-;1979
Total;292.753.538;1979
VINHO DE MESA;130.308.185;1980
Tinto;101.659.755;1980
Branco;5.363.452;1980
Rosado;23.284.978;1980
VINHO FINO DE MESA (VINIFERA);31.740.663;1980
Tinto;9.296.741;1980
Branco;19.326.572;1980
Rosado;3.117.350;1980
SUCO;-;1980
Suco de uva integral;-;1980
Suco de uva concentrado;-;1980
Suco de uva adoçado;-;1980
Suco de uva orgânico;-;1980
Suco de uva reconstituído;-;1980
DERIVADOS;37.553.414;1980
Espumante;-;1980
Espumante moscatel;-;1980
Base espumante;-;1980
Base espumante moscatel;-;1980
Base Champenoise champanha;-;1980
Base Charmat champanha;-;1980
Bebida de uva;-;1980
Polpa de uva;-;1980
Mosto simples;37.553.414;1980
Mosto concentrado;-;1980
Mosto de uva com bagaço;-;1980
Mosto dessulfitado;-;1980
Mistelas;-;1980
Néctar de uva;-;1980
Licorosos;-;1980
Compostos;-;1980
Jeropiga;-;1980
Filtrado;-;1980
Frisante;-;1980
Vinho leve;-;1980
Vinho licoroso;-;1980
Brandy;-;1980
Destilado;-;1980
Bagaceira;-;1980
Licor de bagaceira;-;1980
Vinagre;-;1980
Borra líquida;-;1980
Borra seca;-;1980
Vinho Composto;-;1980
Pisco;-;1980
Vinho orgânico;-;1980
Espumante orgânico;-;1980
Destilado alcoólico simples de bagaceira;-;1980
Vinho acidificado;-;1980
Mosto parcialmente fermentado;-;1980
Outros derivados;-;1980
Total;199.602.262;1980
VINHO DE MESA;186.129.728;1981
Tinto;134.156.175;1981
Branco;12.547.739;1981
Rosado;39.425.814;1981
VINHO FINO DE MESA (VINIFERA);49.348.047;1981
Tinto;16.036.963;1981
Branco;27.528.276;1981
Rosado;5.782.808;1981
SUCO;-;1981
Suco de uva integral;-;1981
Suco de uva concentrado;-;1981
Suco de uva adoçado;-;1981
Suco de uva orgânico;-;1981
Suco de uva reconstituído;-;1981
DERIVADOS;52.530.037;1981
Espumante;-;1981
Espumante moscatel;-;1981
Base espumante;-;1981
Base espumante moscatel;-;1981
Base Champenoise champanha;-;1981
Base Charmat champanha;-;1981
Bebida de uva;-;1981
Polpa de uva;-;1981
Mosto simples;48.762.185;1981
Mosto concentrado;-;1981
Mosto de uva com bagaço;-;1981
Mosto dessulfitado;-;1981
Mistelas;-;1981
Néctar de uva;-;1981
Licorosos;-;1981
Compostos;-;1981
Jeropiga;-;1981
Filtrado;-;1981
Frisante;-;1981
Vinho leve;-;1981
Vinho licoroso;-;1981
Brandy;-;1981
Destilado;-;1981
Bagaceira;-;1981
Licor de bagaceira;-;1981
Vinagre;-;1981
Borra líquida;3.767.852;1981
Borra seca;-;1981
Vinho Composto;-;1981
Pisco;-;1981
Vinho orgânico;-;1981
Espumante orgânico;-;1981
Destilado alcoólico simples de bagaceira;-;1981
Vinho acidificado;-;1981
Mosto parcialmente fermentado;-;1981
Outros derivados;-;1981
Total;288.007.812;1981
VINHO DE MESA;234.754.564;1982
Tinto;183.349.460;1982
Branco;15.782.499;1982
Rosado;35.622.605;1982
VINHO FINO DE MESA (VINIFERA);57.453.581;1982
Tinto;19.987.588;1982
Branco;34.423.412;1982
Rosado;3.042.581;1982
SUCO;-;1982
Suco de uva integral;-;1982
Suco de uva concentrado;-;1982
Suco de uva adoçado;-;1982
Suco de uva orgânico;-;1982
Suco de uva reconstituído;-;1982
DERIVADOS;37.506.770;1982
Espumante;-;1982
Espumante moscatel;-;1982
Base espumante;-;1982
Base espumante moscatel;-;1982
Base Champenoise champanha;-;1982
Base Charmat champanha;-;1982
Bebida de uva;-;1982
Polpa de uva;-;1982
Mosto simples;37.506.770;1982
Mosto concentrado;-;1982
Mosto de uva com bagaço;-;1982
Mosto dessulfitado;-;1982
Mistelas;-;1982
Néctar de uva;-;1982
Licorosos;-;1982
Compostos;-;1982
Jeropiga;-;1982
Filtrado;-;1982
Frisante;-;1982
Vinho leve;-;1982
Vinho licoroso;-;1982
Brandy;-;1982
Destilado;-;1982
Bagaceira;-;1982
Licor de bagaceira;-;1982
Vinagre;-;1982
Borra líquida;-;1982
Borra seca;-;1982
Vinho Composto;-;1982
Pisco;-;1982
Vinho orgânico;-;1982
Espumante orgânico;-;1982
Destilado alcoólico simples de bagaceira;-;1982
Vinho acidificado;-;1982
Mosto parcialmente fermentado;-;1982
Outros derivados;-;1982
Total;329.714.915;1982
VINHO DE MESA;120.261.544;1983
Tinto;87.080.528;1983
Branco;12.191.896;1983
Rosado;20.989.120;1983
VINHO FINO DE MESA (VINIFERA);40.616.812;1983
Tinto;14.340.514;1983
Branco;24.164.361;1983
Rosado;2.111.937;1983
SUCO;-;1983
Suco de uva integral;-;1983
Suco de uva concentrado;-;1983
Suco de uva adoçado;-;1983
Suco de uva orgânico;-;1983
Suco de uva reconstituído;-;1983
DERIVADOS;27.314.628;1983
Espumante;-;1983
Espumante moscatel;-;1983
Base espumante;-;1983
Base espumante moscatel;-;1983
Base Champenoise champanha;-;1983
Base Charmat champanha;-;1983
Bebida de uva;-;1983
Polpa de uva;-;1983
Mosto simples;27.314.628;1983
Mosto concentrado;-;1983
Mosto de uva com bagaço;-;1983
Mosto dessulfitado;-;1983
Mistelas;-;1983
Néctar de uva;-;1983
Licorosos;-;1983
Compostos;-;1983
Jeropiga;-;1983
Filtrado;-;1983
Frisante;-;1983
Vinho leve;-;1983
Vinho licoroso;-;1983
Brandy;-;1983
Destilado;-;1983
Bagaceira;-;1983
Licor de bagaceira;-;1983
Vinagre;-;1983
Borra líquida;-;1983
Borra seca;-;1983
Vinho Composto;-;1983
Pisco;-;1983
Vinho orgânico;-;1983
Espumante orgânico;-;1983
Destilado alcoólico simples de bagaceira;-;1983
Vinho acidificado;-;1983
Mosto parcialmente fermentado;-;1983
Outros derivados;-;1983
Total;188.192.984;1983
VINHO DE MESA;177.680.331;1984
Tinto;119.615.028;1984
Branco;19.502.230;1984
Rosado;38.563.073;1984
VINHO FINO DE MESA (VINIFERA);48.289.279;1984
Tinto;15.777.602;1984
Branco;30.395.959;1984
Rosado;2.115.718;1984
SUCO;-;1984
Suco de uva integral;-;1984
Suco de uva concentrado;-;1984
Suco de uva adoçado;-;1984
Suco de uva orgânico;-;1984
Suco de uva reconstituído;-;1984
DERIVADOS;17.331.744;1984
Espumante;-;1984
Espumante moscatel;-;1984
Base espumante;-;1984
Base espumante moscatel;-;1984
Base Champenoise champanha;-;1984
Base Charmat champanha;-;1984
Bebida de uva;-;1984
Polpa de uva;-;1984
Mosto simples;17.331.744;1984
Mosto concentrado;-;1984
Mosto de uva com bagaço;-;1984
Mosto dessulfitado;-;1984
Mistelas;-;1984
Néctar de uva;-;1984
Licorosos;-;1984
Compostos;-;1984
Jeropiga;-;1984
Filtrado;-;1984
Frisante;-;1984
Vinho leve;-;1984
Vinho licoroso;-;1984
Brandy;-;1984
Destilado;-;1984
Bagaceira;-;1984
Licor de bagaceira;-;1984
Vinagre;-;1984
Borra líquida;-;1984
Borra seca;-;1984
Vinho Composto;-;1984
Pisco;-;1984
Vinho orgânico;-;1984
Espumante orgânico;-;1984
Destilado alcoólico simples de bagaceira;-;1984
Vinho acidificado;-;1984
Mosto parcialmente fermentado;-;1984
Outros derivados;-;1984
Total;243.301.354;1984
VINHO DE MESA;275.338.955;1985
Tinto;216.732.390;1985
Branco;23.010.666;1985
Rosado;35.595.899;1985
VINHO FINO DE MESA (VINIFERA);67.035.393;1985
Tinto;19.347.979;1985
Branco;44.679.484;1985
Rosado;3.007.930;1985
SUCO;6.631.667;1985
Suco de uva integral;3.544.706;1985
Suco de uva concentrado;3.086.961;1985
Suco de uva adoçado;-;1985
Suco de uva orgânico;-;1985
Suco de uva reconstituído;-;1985
DERIVADOS;17.336.419;1985
Espumante;-;1985
Espumante moscatel;-;1985
Base espumante;-;1985
Base espumante moscatel;-;1985
Base Champenoise champanha;-;1985
Base Charmat champanha;-;1985
Bebida de uva;-;1985
Polpa de uva;-;1985
Mosto simples;10.637.557;1985
Mosto concentrado;354.707;1985
Mosto de uva com bagaço;-;1985
Mosto dessulfitado;-;1985
Mistelas;-;1985
Néctar de uva;-;1985
Licorosos;-;1985
Compostos;-;1985
Jeropiga;234.500;1985
Filtrado;-;1985
Frisante;-;1985
Vinho leve;-;1985
Vinho licoroso;-;1985
Brandy;13.000;1985
Destilado;342.650;1985
Bagaceira;299.500;1985
Licor de bagaceira;-;1985
Vinagre;104.707;1985
Borra líquida;5.095.798;1985
Borra seca;-;1985
Vinho Composto;-;1985
Pisco;-;1985
Vinho orgânico;254.000;1985
Espumante orgânico;-;1985
Destilado alcoólico simples de bagaceira;-;1985
Vinho acidificado;-;1985
Mosto parcialmente fermentado;-;1985
Outros derivados;-;1985
Total;366.342.434;1985
VINHO DE MESA;157.711.522;1986
Tinto;118.766.694;1986
Branco;16.872.183;1986
Rosado;22.072.645;1986
VINHO FINO DE MESA (VINIFERA);48.559.180;1986
Tinto;12.282.967;1986
Branco;34.794.145;1986
Rosado;1.482.068;1986
SUCO;4.313.768;1986
Suco de uva integral;2.116.507;1986
Suco de uva concentrado;2.197.261;1986
Suco de uva adoçado;-;1986
Suco de uva orgânico;-;1986
Suco de uva reconstituído;-;1986
DERIVADOS;14.785.645;1986
Espumante;-;1986
Espumante moscatel;-;1986
Base espumante;-;1986
Base espumante moscatel;-;1986
Base Champenoise champanha;-;1986
Base Charmat champanha;-;1986
Bebida de uva;-;1986
Polpa de uva;-;1986
Mosto simples;7.031.320;1986
Mosto concentrado;295.800;1986
Mosto de uva com bagaço;-;1986
Mosto dessulfitado;-;1986
Mistelas;378.400;1986
Néctar de uva;-;1986
Licorosos;-;1986
Compostos;-;1986
Jeropiga;173.000;1986
Filtrado;-;1986
Frisante;-;1986
Vinho leve;-;1986
Vinho licoroso;-;1986
Brandy;-;1986
Destilado;222.230;1986
Bagaceira;156.100;1986
Licor de bagaceira;-;1986
Vinagre;-;1986
Borra líquida;6.357.648;1986
Borra seca;-;1986
Vinho Composto;-;1986
Pisco;-;1986
Vinho orgânico;171.147;1986
Espumante orgânico;-;1986
Destilado alcoólico simples de bagaceira;-;1986
Vinho acidificado;-;1986
Mosto parcialmente fermentado;-;1986
Outros derivados;-;1986
Total;225.370.115;1986
VINHO DE MESA;150.467.184;1987
Tinto;97.841.160;1987
Branco;27.497.857;1987
Rosado;25.128.167;1987
VINHO FINO DE MESA (VINIFERA);47.301.266;1987
Tinto;10.920.073;1987
Branco;35.432.544;1987
Rosado;948.649;1987
SUCO;5.469.016;1987
Suco de uva integral;2.262.240;1987
Suco de uva concentrado;3.206.776;1987
Suco de uva adoçado;-;1987
Suco de uva orgânico;-;1987
Suco de uva reconstituído;-;1987
DERIVADOS;14.905.862;1987
Espumante;-;1987
Espumante moscatel;-;1987
Base espumante;-;1987
Base espumante moscatel;-;1987
Base Champenoise champanha;-;1987
Base Charmat champanha;-;1987
Bebida de uva;-;1987
Polpa de uva;-;1987
Mosto simples;7.821.040;1987
Mosto concentrado;400.500;1987
Mosto de uva com bagaço;-;1987
Mosto dessulfitado;-;1987
Mistelas;402.600;1987
Néctar de uva;-;1987
Licorosos;-;1987
Compostos;-;1987
Jeropiga;122.000;1987
Filtrado;-;1987
Frisante;-;1987
Vinho leve;-;1987
Vinho licoroso;-;1987
Brandy;-;1987
Destilado;472.576;1987
Bagaceira;325.600;1987
Licor de bagaceira;-;1987
Vinagre;-;1987
Borra líquida;5.142.446;1987
Borra seca;-;1987
Vinho Composto;-;1987
Pisco;-;1987
Vinho orgânico;219.100;1987
Espumante orgânico;-;1987
Destilado alcoólico simples de bagaceira;-;1987
Vinho acidificado;-;1987
Mosto parcialmente fermentado;-;1987
Outros derivados;-;1987
Total;218.143.328;1987
VINHO DE MESA;244.791.058;1988
Tinto;173.747.942;1988
Branco;32.660.045;1988
Rosado;38.383.071;1988
VINHO FINO DE MESA (VINIFERA);76.560.765;1988
Tinto;18.690.518;1988
Branco;56.441.847;1988
Rosado;1.428.400;1988
SUCO;7.586.870;1988
Suco de uva integral;2.018.000;1988
Suco de uva concentrado;5.568.870;1988
Suco de uva adoçado;-;1988
Suco de uva orgânico;-;1988
Suco de uva reconstituído;-;1988
DERIVADOS;19.644.584;1988
Espumante;76.000;1988
Espumante moscatel;-;1988
Base espumante;-;1988
Base espumante moscatel;-;1988
Base Champenoise champanha;-;1988
Base Charmat champanha;-;1988
Bebida de uva;-;1988
Polpa de uva;-;1988
Mosto simples;16.544.460;1988
Mosto concentrado;384.200;1988
Mosto de uva com bagaço;-;1988
Mosto dessulfitado;-;1988
Mistelas;196.000;1988
Néctar de uva;-;1988
Licorosos;3.000;1988
Compostos;2.000;1988
Jeropiga;61.000;1988
Filtrado;88.000;1988
Frisante;-;1988
Vinho leve;-;1988
Vinho licoroso;-;1988
Brandy;5.216;1988
Destilado;287.220;1988
Bagaceira;29.000;1988
Licor de bagaceira;-;1988
Vinagre;-;1988
Borra líquida;1.953.488;1988
Borra seca;-;1988
Vinho Composto;-;1988
Pisco;-;1988
Vinho orgânico;15.000;1988
Espumante orgânico;-;1988
Destilado alcoólico simples de bagaceira;-;1988
Vinho acidificado;-;1988
Mosto parcialmente fermentado;-;1988
Outros derivados;-;1988
Total;348.583.277;1988
VINHO DE MESA;181.801.961;1989
Tinto;136.931.173;1989
Branco;24.603.265;1989
Rosado;20.267.523;1989
VINHO FINO DE MESA (VINIFERA);72.772.144;1989
Tinto;16.140.751;1989
Branco;54.983.093;1989
Rosado;1.648.300;1989
SUCO;6.923.183;1989
Suco de uva integral;2.824.600;1989
Suco de uva concentrado;4.098.583;1989
Suco de uva adoçado;-;1989
Suco de uva orgânico;-;1989
Suco de uva reconstituído;-;1989
DERIVADOS;12.004.574;1989
Espumante;-;1989
Espumante moscatel;-;1989
Base espumante;-;1989
Base espumante moscatel;-;1989
Base Champenoise champanha;-;1989
Base Charmat champanha;-;1989
Bebida de uva;-;1989
Polpa de uva;-;1989
Mosto simples;8.141.100;1989
Mosto concentrado;732.470;1989
Mosto de uva com bagaço;-;1989
Mosto dessulfitado;-;1989
Mistelas;32.000;1989
Néctar de uva;-;1989
Licorosos;20.000;1989
Compostos;1.900;1989
Jeropiga;42.000;1989
Filtrado;39.000;1989
Frisante;-;1989
Vinho leve;249.000;1989
Vinho licoroso;-;1989
Brandy;6.500;1989
Destilado;176.800;1989
Bagaceira;52.000;1989
Licor de bagaceira;-;1989
Vinagre;-;1989
Borra líquida;2.426.804;1989
Borra seca;-;1989
Vinho Composto;-;1989
Pisco;-;1989
Vinho orgânico;85.000;1989
Espumante orgânico;-;1989
Destilado alcoólico simples de bagaceira;-;1989
Vinho acidificado;-;1989
Mosto parcialmente fermentado;-;1989
Outros derivados;-;1989
Total;273.501.862;1989
VINHO DE MESA;210.548.199;1990
Tinto;154.359.897;1990
Branco;33.512.030;1990
Rosado;22.676.272;1990
VINHO FINO DE MESA (VINIFERA);73.689.124;1990
Tinto;17.750.504;1990
Branco;52.080.420;1990
Rosado;3.858.200;1990
SUCO;10.423.252;1990
Suco de uva integral;2.848.560;1990
Suco de uva concentrado;7.574.692;1990
Suco de uva adoçado;-;1990
Suco de uva orgânico;-;1990
Suco de uva reconstituído;-;1990
DERIVADOS;16.191.621;1990
Espumante;-;1990
Espumante moscatel;-;1990
Base espumante;-;1990
Base espumante moscatel;-;1990
Base Champenoise champanha;-;1990
Base Charmat champanha;-;1990
Bebida de uva;-;1990
Polpa de uva;-;1990
Mosto simples;13.307.690;1990
Mosto concentrado;1.098.250;1990
Mosto de uva com bagaço;-;1990
Mosto dessulfitado;-;1990
Mistelas;149.000;1990
Néctar de uva;-;1990
Licorosos;24.300;1990
Compostos;-;1990
Jeropiga;-;1990
Filtrado;11.000;1990
Frisante;-;1990
Vinho leve;264.000;1990
Vinho licoroso;-;1990
Brandy;-;1990
Destilado;-;1990
Bagaceira;55.000;1990
Licor de bagaceira;-;1990
Vinagre;-;1990
Borra líquida;1.282.381;1990
Borra seca;-;1990
Vinho Composto;-;1990
Pisco;-;1990
Vinho orgânico;-;1990
Espumante orgânico;-;1990
Destilado alcoólico simples de bagaceira;-;1990
Vinho acidificado;-;1990
Mosto parcialmente fermentado;-;1990
Outros derivados;-;1990
Total;310.852.196;1990
VINHO DE MESA;126.768.254;1991
Tinto;90.320.836;1991
Branco;25.046.588;1991
Rosado;11.400.830;1991
VINHO FINO DE MESA (VINIFERA);45.519.167;1991
Tinto;12.001.895;1991
Branco;33.307.472;1991
Rosado;209.800;1991
SUCO;11.324.462;1991
Suco de uva integral;3.609.000;1991
Suco de uva concentrado;7.715.462;1991
Suco de uva adoçado;-;1991
Suco de uva orgânico;-;1991
Suco de uva reconstituído;-;1991
DERIVADOS;20.352.398;1991
Espumante;-;1991
Espumante moscatel;-;1991
Base espumante;-;1991
Base espumante moscatel;-;1991
Base Champenoise champanha;-;1991
Base Charmat champanha;-;1991
Bebida de uva;-;1991
Polpa de uva;-;1991
Mosto simples;17.407.568;1991
Mosto concentrado;921.400;1991
Mosto de uva com bagaço;-;1991
Mosto dessulfitado;-;1991
Mistelas;-;1991
Néctar de uva;-;1991
Licorosos;11.500;1991
Compostos;-;1991
Jeropiga;-;1991
Filtrado;18.000;1991
Frisante;-;1991
Vinho leve;192.800;1991
Vinho licoroso;-;1991
Brandy;-;1991
Destilado;-;1991
Bagaceira;15.000;1991
Licor de bagaceira;-;1991
Vinagre;-;1991
Borra líquida;1.649.130;1991
Borra seca;-;1991
Vinho Composto;-;1991
Pisco;-;1991
Vinho orgânico;137.000;1991
Espumante orgânico;-;1991
Destilado alcoólico simples de bagaceira;-;1991
Vinho acidificado;-;1991
Mosto parcialmente fermentado;-;1991
Outros derivados;-;1991
Total;203.964.281;1991
VINHO DE MESA;163.248.419;1992
Tinto;118.638.894;1992
Branco;25.446.255;1992
Rosado;19.163.270;1992
VINHO FINO DE MESA (VINIFERA);52.612.778;1992
Tinto;13.449.911;1992
Branco;38.856.367;1992
Rosado;306.500;1992
SUCO;10.797.624;1992
Suco de uva integral;4.033.698;1992
Suco de uva concentrado;6.763.926;1992
Suco de uva adoçado;-;1992
Suco de uva orgânico;-;1992
Suco de uva reconstituído;-;1992
DERIVADOS;29.469.940;1992
Espumante;11.000;1992
Espumante moscatel;-;1992
Base espumante;-;1992
Base espumante moscatel;-;1992
Base Champenoise champanha;-;1992
Base Charmat champanha;-;1992
Bebida de uva;-;1992
Polpa de uva;-;1992
Mosto simples;27.491.540;1992
Mosto concentrado;288.900;1992
Mosto de uva com bagaço;-;1992
Mosto dessulfitado;-;1992
Mistelas;-;1992
Néctar de uva;-;1992
Licorosos;7.800;1992
Compostos;-;1992
Jeropiga;60.000;1992
Filtrado;11.000;1992
Frisante;-;1992
Vinho leve;144.500;1992
Vinho licoroso;-;1992
Brandy;-;1992
Destilado;-;1992
Bagaceira;10.000;1992
Licor de bagaceira;-;1992
Vinagre;45.000;1992
Borra líquida;1.400.200;1992
Borra seca;-;1992
Vinho Composto;-;1992
Pisco;-;1992
Vinho orgânico;-;1992
Espumante orgânico;-;1992
Destilado alcoólico simples de bagaceira;-;1992
Vinho acidificado;-;1992
Mosto parcialmente fermentado;-;1992
Outros derivados;-;1992
Total;256.128.761;1992
VINHO DE MESA;171.754.995;1993
Tinto;125.172.218;1993
Branco;31.986.075;1993
Rosado;14.596.702;1993
VINHO FINO DE MESA (VINIFERA);53.054.225;1993
Tinto;12.119.485;1993
Branco;40.415.898;1993
Rosado;518.842;1993
SUCO;12.031.753;1993
Suco de uva integral;3.800.800;1993
Suco de uva concentrado;8.230.953;1993
Suco de uva adoçado;-;1993
Suco de uva orgânico;-;1993
Suco de uva reconstituído;-;1993
DERIVADOS;17.573.100;1993
Espumante;-;1993
Espumante moscatel;-;1993
Base espumante;-;1993
Base espumante moscatel;-;1993
Base Champenoise champanha;-;1993
Base Charmat champanha;-;1993
Bebida de uva;-;1993
Polpa de uva;-;1993
Mosto simples;17.218.000;1993
Mosto concentrado;355.100;1993
Mosto de uva com bagaço;-;1993
Mosto dessulfitado;-;1993
Mistelas;-;1993
Néctar de uva;-;1993
Licorosos;-;1993
Compostos;-;1993
Jeropiga;-;1993
Filtrado;-;1993
Frisante;-;1993
Vinho leve;-;1993
Vinho licoroso;-;1993
Brandy;-;1993
Destilado;-;1993
Bagaceira;-;1993
Licor de bagaceira;-;1993
Vinagre;-;1993
Borra líquida;-;1993
Borra seca;-;1993
Vinho Composto;-;1993
Pisco;-;1993
Vinho orgânico;-;1993
Espumante orgânico;-;1993
Destilado alcoólico simples de bagaceira;-;1993
Vinho acidificado;-;1993
Mosto parcialmente fermentado;-;1993
Outros derivados;-;1993
Total;254.414.073;1993
VINHO DE MESA;202.073.263;1994
Tinto;161.479.717;1994
Branco;28.291.853;1994
Rosado;12.301.693;1994
VINHO FINO DE MESA (VINIFERA);58.733.741;1994
Tinto;15.646.861;1994
Branco;42.419.680;1994
Rosado;667.200;1994
SUCO;13.343.721;1994
Suco de uva integral;3.884.000;1994
Suco de uva concentrado;9.459.721;1994
Suco de uva adoçado;-;1994
Suco de uva orgânico;-;1994
Suco de uva reconstituído;-;1994
DERIVADOS;16.053.642;1994
Espumante;-;1994
Espumante moscatel;-;1994
Base espumante;-;1994
Base espumante moscatel;-;1994
Base Champenoise champanha;-;1994
Base Charmat champanha;-;1994
Bebida de uva;-;1994
Polpa de uva;-;1994
Mosto simples;10.972.700;1994
Mosto concentrado;335.500;1994
Mosto de uva com bagaço;-;1994
Mosto dessulfitado;-;1994
Mistelas;-;1994
Néctar de uva;-;1994
Licorosos;-;1994
Compostos;-;1994
Jeropiga;-;1994
Filtrado;-;1994
Frisante;-;1994
Vinho leve;-;1994
Vinho licoroso;-;1994
Brandy;-;1994
Destilado;-;1994
Bagaceira;-;1994
Licor de bagaceira;-;1994
Vinagre;-;1994
Borra líquida;-;1994
Borra seca;-;1994
Vinho Composto;-;1994
Pisco;-;1994
Vinho orgânico;4.745.442;1994
Espumante orgânico;-;1994
Destilado alcoólico simples de bagaceira;-;1994
Vinho acidificado;-;1994
Mosto parcialmente fermentado;-;1994
Outros derivados;-;1994
Total;290.204.367;1994
VINHO DE MESA;214.788.304;1995
Tinto;167.174.017;1995
Branco;15.472.732;1995
Rosado;32.141.555;1995
VINHO FINO DE MESA (VINIFERA);47.126.229;1995
Tinto;11.924.291;1995
Branco;34.209.738;1995
Rosado;992.200;1995
SUCO;12.893.959;1995
Suco de uva integral;4.123.776;1995
Suco de uva concentrado;8.770.183;1995
Suco de uva adoçado;-;1995
Suco de uva orgânico;-;1995
Suco de uva reconstituído;-;1995
DERIVADOS;23.637.100;1995
Espumante;-;1995
Espumante moscatel;-;1995
Base espumante;-;1995
Base espumante moscatel;-;1995
Base Champenoise champanha;-;1995
Base Charmat champanha;-;1995
Bebida de uva;-;1995
Polpa de uva;-;1995
Mosto simples;20.917.600;1995
Mosto concentrado;265.000;1995
Mosto de uva com bagaço;-;1995
Mosto dessulfitado;-;1995
Mistelas;-;1995
Néctar de uva;-;1995
Licorosos;-;1995
Compostos;-;1995
Jeropiga;-;1995
Filtrado;-;1995
Frisante;-;1995
Vinho leve;-;1995
Vinho licoroso;-;1995
Brandy;-;1995
Destilado;-;1995
Bagaceira;-;1995
Licor de bagaceira;-;1995
Vinagre;-;1995
Borra líquida;-;1995
Borra seca;-;1995
Vinho Composto;-;1995
Pisco;-;1995
Vinho orgânico;2.454.500;1995
Espumante orgânico;-;1995
Destilado alcoólico simples de bagaceira;-;1995
Vinho acidificado;-;1995
Mosto parcialmente fermentado;-;1995
Outros derivados;-;1995
Total;298.445.592;1995
VINHO DE MESA;152.917.771;1996
Tinto;115.896.909;1996
Branco;24.073.622;1996
Rosado;12.947.240;1996
VINHO FINO DE MESA (VINIFERA);45.325.058;1996
Tinto;12.819.866;1996
Branco;31.893.892;1996
Rosado;611.300;1996
SUCO;9.189.900;1996
Suco de uva integral;2.407.900;1996
Suco de uva concentrado;6.782.000;1996
Suco de uva adoçado;-;1996
Suco de uva orgânico;-;1996
Suco de uva reconstituído;-;1996
DERIVADOS;12.754.798;1996
Espumante;-;1996
Espumante moscatel;-;1996
Base espumante;-;1996
Base espumante moscatel;-;1996
Base Champenoise champanha;-;1996
Base Charmat champanha;-;1996
Bebida de uva;-;1996
Polpa de uva;-;1996
Mosto simples;12.111.372;1996
Mosto concentrado;292.000;1996
Mosto de uva com bagaço;-;1996
Mosto dessulfitado;-;1996
Mistelas;-;1996
Néctar de uva;-;1996
Licorosos;-;1996
Compostos;-;1996
Jeropiga;-;1996
Filtrado;-;1996
Frisante;-;1996
Vinho leve;-;1996
Vinho licoroso;-;1996
Brandy;-;1996
Destilado;-;1996
Bagaceira;-;1996
Licor de bagaceira;-;1996
Vinagre;-;1996
Borra líquida;-;1996
Borra seca;-;1996
Vinho Composto;-;1996
Pisco;-;1996
Vinho orgânico;351.426;1996
Espumante orgânico;-;1996
Destilado alcoólico simples de bagaceira;-;1996
Vinho acidificado;-;1996
Mosto parcialmente fermentado;-;1996
Outros derivados;-;1996
Total;220.187.527;1996
VINHO DE MESA;182.816.047;1997
Tinto;116.458.841;1997
Branco;41.842.945;1997
Rosado;24.514.261;1997
VINHO FINO DE MESA (VINIFERA);46.988.414;1997
Tinto;12.590.647;1997
Branco;33.792.167;1997
Rosado;605.600;1997
SUCO;13.409.014;1997
Suco de uva integral;2.884.969;1997
Suco de uva concentrado;10.524.045;1997
Suco de uva adoçado;-;1997
Suco de uva orgânico;-;1997
Suco de uva reconstituído;-;1997
DERIVADOS;24.553.317;1997
Espumante;-;1997
Espumante moscatel;-;1997
Base espumante;-;1997
Base espumante moscatel;-;1997
Base Champenoise champanha;-;1997
Base Charmat champanha;-;1997
Bebida de uva;-;1997
Polpa de uva;-;1997
Mosto simples;19.066.000;1997
Mosto concentrado;490.000;1997
Mosto de uva com bagaço;-;1997
Mosto dessulfitado;-;1997
Mistelas;-;1997
Néctar de uva;-;1997
Licorosos;-;1997
Compostos;-;1997
Jeropiga;-;1997
Filtrado;-;1997
Frisante;-;1997
Vinho leve;-;1997
Vinho licoroso;-;1997
Brandy;-;1997
Destilado;-;1997
Bagaceira;-;1997
Licor de bagaceira;-;1997
Vinagre;-;1997
Borra líquida;-;1997
Borra seca;-;1997
Vinho Composto;-;1997
Pisco;-;1997
Vinho orgânico;4.997.317;1997
Espumante orgânico;-;1997
Destilado alcoólico simples de bagaceira;-;1997
Vinho acidificado;-;1997
Mosto parcialmente fermentado;-;1997
Outros derivados;-;1997
Total;267.766.792;1997
VINHO DE MESA;150.814.943;1998
Tinto;102.127.865;1998
Branco;32.140.249;1998
Rosado;16.546.829;1998
VINHO FINO DE MESA (VINIFERA);33.898.630;1998
Tinto;8.716.140;1998
Branco;24.384.090;1998
Rosado;798.400;1998
SUCO;13.904.186;1998
Suco de uva integral;3.904.186;1998
Suco de uva concentrado;10.000.000;1998
Suco de uva adoçado;-;1998
Suco de uva orgânico;-;1998
Suco de uva reconstituído;-;1998
DERIVADOS;14.693.351;1998
Espumante;-;1998
Espumante moscatel;-;1998
Base espumante;-;1998
Base espumante moscatel;-;1998
Base Champenoise champanha;-;1998
Base Charmat champanha;-;1998
Bebida de uva;-;1998
Polpa de uva;-;1998
Mosto simples;11.046.570;1998
Mosto concentrado;381.000;1998
Mosto de uva com bagaço;-;1998
Mosto dessulfitado;-;1998
Mistelas;-;1998
Néctar de uva;-;1998
Licorosos;-;1998
Compostos;-;1998
Jeropiga;-;1998
Filtrado;-;1998
Frisante;-;1998
Vinho leve;-;1998
Vinho licoroso;-;1998
Brandy;-;1998
Destilado;-;1998
Bagaceira;-;1998
Licor de bagaceira;-;1998
Vinagre;-;1998
Borra líquida;-;1998
Borra seca;-;1998
Vinho Composto;-;1998
Pisco;-;1998
Vinho orgânico;3.265.781;1998
Espumante orgânico;-;1998
Destilado alcoólico simples de bagaceira;-;1998
Vinho acidificado;-;1998
Mosto parcialmente fermentado;-;1998
Outros derivados;-;1998
Total;213.311.110;1998
VINHO DE MESA;226.520.776;1999
Tinto;168.149.414;1999
Branco;42.528.150;1999
Rosado;15.843.212;1999
VINHO FINO DE MESA (VINIFERA);45.830.497;1999
Tinto;14.640.657;1999
Branco;30.674.840;1999
Rosado;515.000;1999
SUCO;15.532.303;1999
Suco de uva integral;4.132.303;1999
Suco de uva concentrado;11.400.000;1999
Suco de uva adoçado;-;1999
Suco de uva orgânico;-;1999
Suco de uva reconstituído;-;1999
DERIVADOS;23.422.306;1999
Espumante;6.900;1999
Espumante moscatel;-;1999
Base espumante;-;1999
Base espumante moscatel;-;1999
Base Champenoise champanha;-;1999
Base Charmat champanha;-;1999
Bebida de uva;-;1999
Polpa de uva;-;1999
Mosto simples;14.359.734;1999
Mosto concentrado;411.354;1999
Mosto de uva com bagaço;-;1999
Mosto dessulfitado;-;1999
Mistelas;-;1999
Néctar de uva;-;1999
Licorosos;44.740;1999
Compostos;-;1999
Jeropiga;-;1999
Filtrado;-;1999
Frisante;-;1999
Vinho leve;-;1999
Vinho licoroso;-;1999
Brandy;-;1999
Destilado;7.350;1999
Bagaceira;-;1999
Licor de bagaceira;-;1999
Vinagre;-;1999
Borra líquida;-;1999
Borra seca;-;1999
Vinho Composto;-;1999
Pisco;-;1999
Vinho orgânico;8.592.228;1999
Espumante orgânico;-;1999
Destilado alcoólico simples de bagaceira;-;1999
Vinho acidificado;-;1999
Mosto parcialmente fermentado;-;1999
Outros derivados;-;1999
Total;311.305.882;1999
VINHO DE MESA;273.025.576;2000
Tinto;208.242.670;2000
Branco;44.902.276;2000
Rosado;19.880.630;2000
VINHO FINO DE MESA (VINIFERA);56.209.739;2000
Tinto;18.545.613;2000
Branco;36.955.126;2000
Rosado;709.000;2000
SUCO;17.722.779;2000
Suco de uva integral;3.546.779;2000
Suco de uva concentrado;14.176.000;2000
Suco de uva adoçado;-;2000
Suco de uva orgânico;-;2000
Suco de uva reconstituído;-;2000
DERIVADOS;25.959.016;2000
Espumante;71.410;2000
Espumante moscatel;-;2000
Base espumante;-;2000
Base espumante moscatel;-;2000
Base Champenoise champanha;-;2000
Base Charmat champanha;-;2000
Bebida de uva;-;2000
Polpa de uva;-;2000
Mosto simples;16.192.018;2000
Mosto concentrado;-;2000
Mosto de uva com bagaço;-;2000
Mosto dessulfitado;-;2000
Mistelas;33.000;2000
Néctar de uva;-;2000
Licorosos;21.000;2000
Compostos;-;2000
Jeropiga;-;2000
Filtrado;-;2000
Frisante;-;2000
Vinho leve;-;2000
Vinho licoroso;-;2000
Brandy;-;2000
Destilado;1.960;2000
Bagaceira;12.700;2000
Licor de bagaceira;-;2000
Vinagre;-;2000
Borra líquida;9.626.928;2000
Borra seca;-;2000
Vinho Composto;-;2000
Pisco;-;2000
Vinho orgânico;-;2000
Espumante orgânico;-;2000
Destilado alcoólico simples de bagaceira;-;2000
Vinho acidificado;-;2000
Mosto parcialmente fermentado;-;2000
Outros derivados;-;2000
Total;372.917.110;2000
VINHO DE MESA;228.932.458;2001
Tinto;175.267.437;2001
Branco;44.322.836;2001
Rosado;9.342.185;2001
VINHO FINO DE MESA (VINIFERA);34.159.277;2001
Tinto;13.587.683;2001
Branco;20.393.594;2001
Rosado;178.000;2001
SUCO;17.987.182;2001
Suco de uva integral;5.196.430;2001
Suco de uva concentrado;12.790.752;2001
Suco de uva adoçado;-;2001
Suco de uva orgânico;-;2001
Suco de uva reconstituído;-;2001
DERIVADOS;15.498.842;2001
Espumante;-;2001
Espumante moscatel;276.099;2001
Base espumante;-;2001
Base espumante moscatel;-;2001
Base Champenoise champanha;-;2001
Base Charmat champanha;-;2001
Bebida de uva;-;2001
Polpa de uva;-;2001
Mosto simples;6.977.231;2001
Mosto concentrado;-;2001
Mosto de uva com bagaço;-;2001
Mosto dessulfitado;-;2001
Mistelas;15.000;2001
Néctar de uva;-;2001
Licorosos;4.000;2001
Compostos;-;2001
Jeropiga;-;2001
Filtrado;-;2001
Frisante;-;2001
Vinho leve;-;2001
Vinho licoroso;-;2001
Brandy;-;2001
Destilado;-;2001
Bagaceira;10.350;2001
Licor de bagaceira;-;2001
Vinagre;-;2001
Borra líquida;8.216.162;2001
Borra seca;-;2001
Vinho Composto;-;2001
Pisco;-;2001
Vinho orgânico;-;2001
Espumante orgânico;-;2001
Destilado alcoólico simples de bagaceira;-;2001
Vinho acidificado;-;2001
Mosto parcialmente fermentado;-;2001
Outros derivados;-;2001
Total;296.577.759;2001
VINHO DE MESA;259.589.740;2002
Tinto;215.892.333;2002
Branco;35.329.657;2002
Rosado;8.367.750;2002
VINHO FINO DE MESA (VINIFERA);31.655.226;2002
Tinto;13.619.033;2002
Branco;17.911.689;2002
Rosado;124.504;2002
SUCO;20.228.691;2002
Suco de uva integral;5.505.889;2002
Suco de uva concentrado;14.722.802;2002
Suco de uva adoçado;-;2002
Suco de uva orgânico;-;2002
Suco de uva reconstituído;-;2002
DERIVADOS;28.122.348;2002
Espumante;-;2002
Espumante moscatel;-;2002
Base espumante;-;2002
Base espumante moscatel;-;2002
Base Champenoise champanha;-;2002
Base Charmat champanha;-;2002
Bebida de uva;-;2002
Polpa de uva;-;2002
Mosto simples;12.875.000;2002
Mosto concentrado;-;2002
Mosto de uva com bagaço;-;2002
Mosto dessulfitado;-;2002
Mistelas;-;2002
Néctar de uva;-;2002
Licorosos;-;2002
Compostos;-;2002
Jeropiga;-;2002
Filtrado;-;2002
Frisante;-;2002
Vinho leve;-;2002
Vinho licoroso;-;2002
Brandy;-;2002
Destilado;-;2002
Bagaceira;-;2002
Licor de bagaceira;-;2002
Vinagre;-;2002
Borra líquida;8.541.861;2002
Borra seca;-;2002
Vinho Composto;-;2002
Pisco;-;2002
Vinho orgânico;6.705.487;2002
Espumante orgânico;-;2002
Destilado alcoólico simples de bagaceira;-;2002
Vinho acidificado;-;2002
Mosto parcialmente fermentado;-;2002
Outros derivados;-;2002
Total;339.596.005;2002
VINHO DE MESA;202.545.724;2003
Tinto;155.513.687;2003
Branco;40.861.639;2003
Rosado;6.170.398;2003
VINHO FINO DE MESA (VINIFERA);29.551.457;2003
Tinto;15.357.576;2003
Branco;14.058.481;2003
Rosado;135.400;2003
SUCO;12.420.745;2003
Suco de uva integral;1.372.381;2003
Suco de uva concentrado;11.048.364;2003
Suco de uva adoçado;-;2003
Suco de uva orgânico;-;2003
Suco de uva reconstituído;-;2003
DERIVADOS;24.108.352;2003
Espumante;-;2003
Espumante moscatel;147.600;2003
Base espumante;-;2003
Base espumante moscatel;-;2003
Base Champenoise champanha;-;2003
Base Charmat champanha;-;2003
Bebida de uva;-;2003
Polpa de uva;-;2003
Mosto simples;13.172.480;2003
Mosto concentrado;-;2003
Mosto de uva com bagaço;-;2003
Mosto dessulfitado;-;2003
Mistelas;5.500;2003
Néctar de uva;-;2003
Licorosos;34.420;2003
Compostos;-;2003
Jeropiga;-;2003
Filtrado;-;2003
Frisante;-;2003
Vinho leve;11.000;2003
Vinho licoroso;-;2003
Brandy;-;2003
Destilado;-;2003
Bagaceira;26.800;2003
Licor de bagaceira;-;2003
Vinagre;-;2003
Borra líquida;3.126.172;2003
Borra seca;-;2003
Vinho Composto;-;2003
Pisco;-;2003
Vinho orgânico;7.584.380;2003
Espumante orgânico;-;2003
Destilado alcoólico simples de bagaceira;-;2003
Vinho acidificado;-;2003
Mosto parcialmente fermentado;-;2003
Outros derivados;-;2003
Total;268.626.278;2003
VINHO DE MESA;313.962.284;2004
Tinto;254.172.425;2004
Branco;51.719.967;2004
Rosado;8.069.892;2004
VINHO FINO DE MESA (VINIFERA);42.902.608;2004
Tinto;23.062.182;2004
Branco;19.803.647;2004
Rosado;36.779;2004
SUCO;24.078.112;2004
Suco de uva integral;6.222.380;2004
Suco de uva concentrado;17.855.732;2004
Suco de uva adoçado;-;2004
Suco de uva orgânico;-;2004
Suco de uva reconstituído;-;2004
DERIVADOS;28.471.858;2004
Espumante;3.999;2004
Espumante moscatel;204.000;2004
Base espumante;-;2004
Base espumante moscatel;98.900;2004
Base Champenoise champanha;-;2004
Base Charmat champanha;-;2004
Bebida de uva;-;2004
Polpa de uva;890.562;2004
Mosto simples;26.067.525;2004
Mosto concentrado;-;2004
Mosto de uva com bagaço;-;2004
Mosto dessulfitado;-;2004
Mistelas;11.500;2004
Néctar de uva;-;2004
Licorosos;-;2004
Compostos;-;2004
Jeropiga;-;2004
Filtrado;-;2004
Frisante;-;2004
Vinho leve;6.000;2004
Vinho licoroso;77.800;2004
Brandy;-;2004
Destilado;1.000;2004
Bagaceira;66.082;2004
Licor de bagaceira;-;2004
Vinagre;-;2004
Borra líquida;1.044.490;2004
Borra seca;-;2004
Vinho Composto;-;2004
Pisco;-;2004
Vinho orgânico;-;2004
Espumante orgânico;-;2004
Destilado alcoólico simples de bagaceira;-;2004
Vinho acidificado;-;2004
Mosto parcialmente fermentado;-;2004
Outros derivados;-;2004
Total;409.414.862;2004
VINHO DE MESA;226.080.432;2005
Tinto;180.698.666;2005
Branco;39.212.146;2005
Rosado;6.169.620;2005
VINHO FINO DE MESA (VINIFERA);45.453.898;2005
Tinto;25.409.805;2005
Branco;20.012.363;2005
Rosado;31.730;2005
SUCO;27.960.596;2005
Suco de uva integral;7.103.175;2005
Suco de uva concentrado;19.513.244;2005
Suco de uva adoçado;1.344.177;2005
Suco de uva orgânico;-;2005
Suco de uva reconstituído;-;2005
DERIVADOS;25.541.605;2005
Espumante;1.920;2005
Espumante moscatel;514.480;2005
Base espumante;239.000;2005
Base espumante moscatel;212.400;2005
Base Champenoise champanha;-;2005
Base Charmat champanha;-;2005
Bebida de uva;-;2005
Polpa de uva;1.350.672;2005
Mosto simples;22.429.791;2005
Mosto concentrado;83.116;2005
Mosto de uva com bagaço;-;2005
Mosto dessulfitado;-;2005
Mistelas;9.960;2005
Néctar de uva;-;2005
Licorosos;-;2005
Compostos;-;2005
Jeropiga;-;2005
Filtrado;-;2005
Frisante;-;2005
Vinho leve;16.500;2005
Vinho licoroso;125.700;2005
Brandy;-;2005
Destilado;-;2005
Bagaceira;32.050;2005
Licor de bagaceira;-;2005
Vinagre;-;2005
Borra líquida;526.016;2005
Borra seca;-;2005
Vinho Composto;-;2005
Pisco;-;2005
Vinho orgânico;-;2005
Espumante orgânico;-;2005
Destilado alcoólico simples de bagaceira;-;2005
Vinho acidificado;-;2005
Mosto parcialmente fermentado;-;2005
Outros derivados;-;2005
Total;325.036.531;2005
VINHO DE MESA;185.100.887;2006
Tinto;149.552.555;2006
Branco;31.738.390;2006
Rosado;3.809.942;2006
VINHO FINO DE MESA (VINIFERA);32.168.977;2006
Tinto;18.868.108;2006
Branco;13.249.969;2006
Rosado;50.900;2006
SUCO;31.361.096;2006
Suco de uva integral;13.946.491;2006
Suco de uva concentrado;17.414.605;2006
Suco de uva adoçado;-;2006
Suco de uva orgânico;-;2006
Suco de uva reconstituído;-;2006
DERIVADOS;27.752.531;2006
Espumante;26.600;2006
Espumante moscatel;320.514;2006
Base espumante;-;2006
Base espumante moscatel;362.589;2006
Base Champenoise champanha;-;2006
Base Charmat champanha;-;2006
Bebida de uva;-;2006
Polpa de uva;1.006.000;2006
Mosto simples;25.903.812;2006
Mosto concentrado;-;2006
Mosto de uva com bagaço;-;2006
Mosto dessulfitado;-;2006
Mistelas;-;2006
Néctar de uva;-;2006
Licorosos;-;2006
Compostos;-;2006
Jeropiga;-;2006
Filtrado;-;2006
Frisante;-;2006
Vinho leve;-;2006
Vinho licoroso;28.500;2006
Brandy;-;2006
Destilado;-;2006
Bagaceira;24.250;2006
Licor de bagaceira;-;2006
Vinagre;-;2006
Borra líquida;57.333;2006
Borra seca;-;2006
Vinho Composto;-;2006
Pisco;-;2006
Vinho orgânico;22.933;2006
Espumante orgânico;-;2006
Destilado alcoólico simples de bagaceira;-;2006
Vinho acidificado;-;2006
Mosto parcialmente fermentado;-;2006
Outros derivados;-;2006
Total;276.383.491;2006
VINHO DE MESA;275.287.908;2007
Tinto;228.156.220;2007
Branco;42.118.552;2007
Rosado;5.013.136;2007
VINHO FINO DE MESA (VINIFERA);43.176.484;2007
Tinto;24.786.071;2007
Branco;17.598.428;2007
Rosado;791.985;2007
SUCO;30.136.844;2007
Suco de uva integral;10.147.037;2007
Suco de uva concentrado;19.280.709;2007
Suco de uva adoçado;709.098;2007
Suco de uva orgânico;-;2007
Suco de uva reconstituído;-;2007
DERIVADOS;42.011.603;2007
Espumante;-;2007
Espumante moscatel;589.332;2007
Base espumante;78.250;2007
Base espumante moscatel;111.200;2007
Base Champenoise champanha;-;2007
Base Charmat champanha;-;2007
Bebida de uva;-;2007
Polpa de uva;1.083.202;2007
Mosto simples;37.558.010;2007
Mosto concentrado;110.000;2007
Mosto de uva com bagaço;-;2007
Mosto dessulfitado;-;2007
Mistelas;1.900;2007
Néctar de uva;-;2007
Licorosos;-;2007
Compostos;-;2007
Jeropiga;-;2007
Filtrado;-;2007
Frisante;-;2007
Vinho leve;-;2007
Vinho licoroso;27.926;2007
Brandy;-;2007
Destilado;-;2007
Bagaceira;48.500;2007
Licor de bagaceira;-;2007
Vinagre;-;2007
Borra líquida;2.095.873;2007
Borra seca;-;2007
Vinho Composto;-;2007
Pisco;-;2007
Vinho orgânico;307.410;2007
Espumante orgânico;-;2007
Destilado alcoólico simples de bagaceira;-;2007
Vinho acidificado;-;2007
Mosto parcialmente fermentado;-;2007
Outros derivados;-;2007
Total;390.612.839;2007
VINHO DE MESA;287.506.811;2008
Tinto;241.057.928;2008
Branco;42.942.053;2008
Rosado;3.506.830;2008
VINHO FINO DE MESA (VINIFERA);47.334.501;2008
Tinto;27.583.032;2008
Branco;18.812.571;2008
Rosado;938.898;2008
SUCO;35.647.994;2008
Suco de uva integral;11.817.941;2008
Suco de uva concentrado;23.014.646;2008
Suco de uva adoçado;815.407;2008
Suco de uva orgânico;-;2008
Suco de uva reconstituído;-;2008
DERIVADOS;59.622.293;2008
Espumante;88.690;2008
Espumante moscatel;1.113.462;2008
Base espumante;220.120;2008
Base espumante moscatel;474.721;2008
Base Champenoise champanha;-;2008
Base Charmat champanha;-;2008
Bebida de uva;1.082.700;2008
Polpa de uva;1.188.260;2008
Mosto simples;53.683.415;2008
Mosto concentrado;-;2008
Mosto de uva com bagaço;-;2008
Mosto dessulfitado;-;2008
Mistelas;2.000;2008
Néctar de uva;-;2008
Licorosos;-;2008
Compostos;-;2008
Jeropiga;-;2008
Filtrado;-;2008
Frisante;-;2008
Vinho leve;-;2008
Vinho licoroso;65.650;2008
Brandy;-;2008
Destilado;-;2008
Bagaceira;8.500;2008
Licor de bagaceira;-;2008
Vinagre;-;2008
Borra líquida;1.679.775;2008
Borra seca;-;2008
Vinho Composto;-;2008
Pisco;-;2008
Vinho orgânico;15.000;2008
Espumante orgânico;-;2008
Destilado alcoólico simples de bagaceira;-;2008
Vinho acidificado;-;2008
Mosto parcialmente fermentado;-;2008
Outros derivados;-;2008
Total;430.111.599;2008
VINHO DE MESA;205.418.206;2009
Tinto;164.143.454;2009
Branco;39.211.278;2009
Rosado;2.063.474;2009
VINHO FINO DE MESA (VINIFERA);39.900.568;2009
Tinto;18.209.043;2009
Branco;21.366.975;2009
Rosado;324.550;2009
SUCO;39.715.098;2009
Suco de uva integral;16.034.003;2009
Suco de uva concentrado;23.006.457;2009
Suco de uva adoçado;674.638;2009
Suco de uva orgânico;-;2009
Suco de uva reconstituído;-;2009
DERIVADOS;56.787.892;2009
Espumante;-;2009
Espumante moscatel;1.190.500;2009
Base espumante;335.850;2009
Base espumante moscatel;442.150;2009
Base Champenoise champanha;-;2009
Base Charmat champanha;-;2009
Bebida de uva;420;2009
Polpa de uva;1.352.417;2009
Mosto simples;53.418.555;2009
Mosto concentrado;-;2009
Mosto de uva com bagaço;-;2009
Mosto dessulfitado;-;2009
Mistelas;3.500;2009
Néctar de uva;-;2009
Licorosos;38.000;2009
Compostos;-;2009
Jeropiga;-;2009
Filtrado;-;2009
Frisante;-;2009
Vinho leve;-;2009
Vinho licoroso;-;2009
Brandy;-;2009
Destilado;-;2009
Bagaceira;6.500;2009
Licor de bagaceira;-;2009
Vinagre;-;2009
Borra líquida;-;2009
Borra seca;-;2009
Vinho Composto;-;2009
Pisco;-;2009
Vinho orgânico;-;2009
Espumante orgânico;-;2009
Destilado alcoólico simples de bagaceira;-;2009
Vinho acidificado;-;2009
Mosto parcialmente fermentado;-;2009
Outros derivados;-;2009
Total;341.821.764;2009
VINHO DE MESA;195.267.980;2010
Tinto;157.290.088;2010
Branco;35.408.083;2010
Rosado;2.569.809;2010
VINHO FINO DE MESA (VINIFERA);24.805.713;2010
Tinto;11.401.406;2010
Branco;13.013.027;2010
Rosado;391.280;2010
SUCO;50.125.944;2010
Suco de uva integral;26.887.259;2010
Suco de uva concentrado;23.238.685;2010
Suco de uva adoçado;-;2010
Suco de uva orgânico;-;2010
Suco de uva reconstituído;-;2010
DERIVADOS;51.210.756;2010
Espumante;10.125;2010
Espumante moscatel;703.393;2010
Base espumante;-;2010
Base espumante moscatel;1.144.508;2010
Base Champenoise champanha;92.082;2010
Base Charmat champanha;254.000;2010
Bebida de uva;7.900;2010
Polpa de uva;1.951.606;2010
Mosto simples;45.912.040;2010
Mosto concentrado;-;2010
Mosto de uva com bagaço;-;2010
Mosto dessulfitado;-;2010
Mistelas;-;2010
Néctar de uva;-;2010
Licorosos;-;2010
Compostos;-;2010
Jeropiga;69.000;2010
Filtrado;-;2010
Frisante;831.000;2010
Vinho leve;-;2010
Vinho licoroso;15.000;2010
Brandy;-;2010
Destilado;-;2010
Bagaceira;-;2010
Licor de bagaceira;-;2010
Vinagre;5.817;2010
Borra líquida;64.304;2010
Borra seca;149.981;2010
Vinho Composto;-;2010
Pisco;-;2010
Vinho orgânico;-;2010
Espumante orgânico;-;2010
Destilado alcoólico simples de bagaceira;-;2010
Vinho acidificado;-;2010
Mosto parcialmente fermentado;-;2010
Outros derivados;-;2010
Total;321.410.393;2010
VINHO DE MESA;257.840.749;2011
Tinto;210.113.358;2011
Branco;46.007.504;2011
Rosado;1.719.887;2011
VINHO FINO DE MESA (VINIFERA);47.598.471;2011
Tinto;24.104.740;2011
Branco;22.739.426;2011
Rosado;754.305;2011
SUCO;69.364.324;2011
Suco de uva integral;39.487.800;2011
Suco de uva concentrado;29.564.324;2011
Suco de uva adoçado;312.200;2011
Suco de uva orgânico;-;2011
Suco de uva reconstituído;-;2011
DERIVADOS;85.748.723;2011
Espumante;26.361;2011
Espumante moscatel;219.100;2011
Base espumante;-;2011
Base espumante moscatel;2.749.540;2011
Base Champenoise champanha;74.746;2011
Base Charmat champanha;865.858;2011
Bebida de uva;-;2011
Polpa de uva;2.480.120;2011
Mosto simples;77.285.998;2011
Mosto concentrado;-;2011
Mosto de uva com bagaço;1.037.600;2011
Mosto dessulfitado;-;2011
Mistelas;-;2011
Néctar de uva;-;2011
Licorosos;-;2011
Compostos;-;2011
Jeropiga;-;2011
Filtrado;-;2011
Frisante;1.003.800;2011
Vinho leve;-;2011
Vinho licoroso;-;2011
Brandy;-;2011
Destilado;-;2011
Bagaceira;-;2011
Licor de bagaceira;-;2011
Vinagre;-;2011
Borra líquida;-;2011
Borra seca;-;2011
Vinho Composto;-;2011
Pisco;-;2011
Vinho orgânico;5.600;2011
Espumante orgânico;-;2011
Destilado alcoólico simples de bagaceira;-;2011
Vinho acidificado;-;2011
Mosto parcialmente fermentado;-;2011
Outros derivados;-;2011
Total;460.552.267;2011
VINHO DE MESA;212.777.037;2012
Tinto;175.875.432;2012
Branco;34.938.249;2012
Rosado;1.963.356;2012
VINHO FINO DE MESA (VINIFERA);45.200.730;2012
Tinto;24.027.589;2012
Branco;20.647.238;2012
Rosado;525.903;2012
SUCO;70.066.732;2012
Suco de uva integral;31.908.829;2012
Suco de uva concentrado;37.624.855;2012
Suco de uva adoçado;533.048;2012
Suco de uva orgânico;-;2012
Suco de uva reconstituído;-;2012
DERIVADOS;100.757.101;2012
Espumante;17.200;2012
Espumante moscatel;139.775;2012
Base espumante;-;2012
Base espumante moscatel;2.798.908;2012
Base Champenoise champanha;369.278;2012
Base Charmat champanha;479.625;2012
Bebida de uva;-;2012
Polpa de uva;2.797.665;2012
Mosto simples;93.341.575;2012
Mosto concentrado;-;2012
Mosto de uva com bagaço;-;2012
Mosto dessulfitado;-;2012
Mistelas;200;2012
Néctar de uva;-;2012
Licorosos;26.775;2012
Compostos;7.600;2012
Jeropiga;-;2012
Filtrado;-;2012
Frisante;778.500;2012
Vinho leve;-;2012
Vinho licoroso;-;2012
Brandy;-;2012
Destilado;-;2012
Bagaceira;-;2012
Licor de bagaceira;-;2012
Vinagre;-;2012
Borra líquida;-;2012
Borra seca;-;2012
Vinho Composto;-;2012
Pisco;-;2012
Vinho orgânico;-;2012
Espumante orgânico;-;2012
Destilado alcoólico simples de bagaceira;-;2012
Vinho acidificado;-;2012
Mosto parcialmente fermentado;-;2012
Outros derivados;-;2012
Total;428.801.600;2012
VINHO DE MESA;196.904.222;2013
Tinto;163.111.797;2013
Branco;32.066.403;2013
Rosado;1.726.022;2013
VINHO FINO DE MESA (VINIFERA);45.782.530;2013
Tinto;23.156.458;2013
Branco;21.906.349;2013
Rosado;719.723;2013
SUCO;64.879.790;2013
Suco de uva integral;33.673.396;2013
Suco de uva concentrado;31.206.394;2013
Suco de uva adoçado;-;2013
Suco de uva orgânico;-;2013
Suco de uva reconstituído;-;2013
DERIVADOS;64.072.127;2013
Espumante;30.275;2013
Espumante moscatel;159.781;2013
Base espumante;-;2013
Base espumante moscatel;1.470.700;2013
Base Champenoise champanha;359.617;2013
Base Charmat champanha;624.728;2013
Bebida de uva;4.260;2013
Polpa de uva;1.742.152;2013
Mosto simples;58.517.506;2013
Mosto concentrado;-;2013
Mosto de uva com bagaço;-;2013
Mosto dessulfitado;-;2013
Mistelas;2.500;2013
Néctar de uva;10.000;2013
Licorosos;-;2013
Compostos;-;2013
Jeropiga;-;2013
Filtrado;-;2013
Frisante;1.009.000;2013
Vinho leve;-;2013
Vinho licoroso;100;2013
Brandy;-;2013
Destilado;-;2013
Bagaceira;-;2013
Licor de bagaceira;-;2013
Vinagre;-;2013
Borra líquida;63.111;2013
Borra seca;78.397;2013
Vinho Composto;-;2013
Pisco;-;2013
Vinho orgânico;-;2013
Espumante orgânico;-;2013
Destilado alcoólico simples de bagaceira;-;2013
Vinho acidificado;-;2013
Mosto parcialmente fermentado;-;2013
Outros derivados;-;2013
Total;371.638.669;2013
VINHO DE MESA;196.173.123;2014
Tinto;157.776.363;2014
Branco;37.438.069;2014
Rosado;958.691;2014
VINHO FINO DE MESA (VINIFERA);38.464.314;2014
Tinto;17.208.996;2014
Branco;20.054.804;2014
Rosado;1.200.514;2014
SUCO;76.723.537;2014
Suco de uva integral;43.331.223;2014
Suco de uva concentrado;33.392.314;2014
Suco de uva adoçado;-;2014
Suco de uva orgânico;-;2014
Suco de uva reconstituído;-;2014
DERIVADOS;62.907.281;2014
Espumante;2.700;2014
Espumante moscatel;100.000;2014
Base espumante;-;2014
Base espumante moscatel;1.808.044;2014
Base Champenoise champanha;234.725;2014
Base Charmat champanha;376.968;2014
Bebida de uva;3.860;2014
Polpa de uva;2.484.000;2014
Mosto simples;57.582.195;2014
Mosto concentrado;-;2014
Mosto de uva com bagaço;-;2014
Mosto dessulfitado;-;2014
Mistelas;1.000;2014
Néctar de uva;1.140;2014
Licorosos;-;2014
Compostos;-;2014
Jeropiga;-;2014
Filtrado;-;2014
Frisante;26.069;2014
Vinho leve;-;2014
Vinho licoroso;36.000;2014
Brandy;-;2014
Destilado;-;2014
Bagaceira;-;2014
Licor de bagaceira;-;2014
Vinagre;53.776;2014
Borra líquida;50.954;2014
Borra seca;142.850;2014
Vinho Composto;3.000;2014
Pisco;-;2014
Vinho orgânico;-;2014
Espumante orgânico;-;2014
Destilado alcoólico simples de bagaceira;-;2014
Vinho acidificado;-;2014
Mosto parcialmente fermentado;-;2014
Outros derivados;-;2014
Total;374.268.255;2014
VINHO DE MESA;210.308.560;2015
Tinto;169.811.472;2015
Branco;39.557.250;2015
Rosado;939.838;2015
VINHO FINO DE MESA (VINIFERA);37.148.982;2015
Tinto;16.745.896;2015
Branco;19.561.966;2015
Rosado;841.120;2015
SUCO;87.894.468;2015
Suco de uva integral;52.233.155;2015
Suco de uva concentrado;35.661.313;2015
Suco de uva adoçado;-;2015
Suco de uva orgânico;-;2015
Suco de uva reconstituído;-;2015
DERIVADOS;107.349.704;2015
Espumante;23.750;2015
Espumante moscatel;110.100;2015
Base espumante;-;2015
Base espumante moscatel;1.607.727;2015
Base Champenoise champanha;605.001;2015
Base Charmat champanha;1.466.259;2015
Bebida de uva;922;2015
Polpa de uva;2.371.140;2015
Mosto simples;100.911.592;2015
Mosto concentrado;-;2015
Mosto de uva com bagaço;-;2015
Mosto dessulfitado;-;2015
Mistelas;-;2015
Néctar de uva;1.000;2015
Licorosos;-;2015
Compostos;-;2015
Jeropiga;-;2015
Filtrado;-;2015
Frisante;-;2015
Vinho leve;-;2015
Vinho licoroso;56.000;2015
Brandy;-;2015
Destilado;-;2015
Bagaceira;1.350;2015
Licor de bagaceira;-;2015
Vinagre;25.800;2015
Borra líquida;48.833;2015
Borra seca;120.230;2015
Vinho Composto;-;2015
Pisco;-;2015
Vinho orgânico;-;2015
Espumante orgânico;-;2015
Destilado alcoólico simples de bagaceira;-;2015
Vinho acidificado;-;2015
Mosto parcialmente fermentado;-;2015
Outros derivados;-;2015
Total;442.701.714;2015
VINHO DE MESA;86.319.015;2016
Tinto;75.279.191;2016
Branco;10.727.099;2016
Rosado;312.725;2016
VINHO FINO DE MESA (VINIFERA);18.070.626;2016
Tinto;8.774.847;2016
Branco;8.705.066;2016
Rosado;590.713;2016
SUCO;42.210.389;2016
Suco de uva integral;31.117.869;2016
Suco de uva concentrado;11.092.520;2016
Suco de uva adoçado;-;2016
Suco de uva orgânico;-;2016
Suco de uva reconstituído;-;2016
DERIVADOS;53.950.314;2016
Espumante;1.500;2016
Espumante moscatel;100.000;2016
Base espumante;-;2016
Base espumante moscatel;1.325.700;2016
Base Champenoise champanha;740.395;2016
Base Charmat champanha;250.280;2016
Bebida de uva;3.474;2016
Polpa de uva;1.620.430;2016
Mosto simples;49.770.993;2016
Mosto concentrado;-;2016
Mosto de uva com bagaço;-;2016
Mosto dessulfitado;-;2016
Mistelas;-;2016
Néctar de uva;-;2016
Licorosos;-;2016
Compostos;-;2016
Jeropiga;-;2016
Filtrado;-;2016
Frisante;-;2016
Vinho leve;-;2016
Vinho licoroso;24.200;2016
Brandy;-;2016
Destilado;-;2016
Bagaceira;1.000;2016
Licor de bagaceira;-;2016
Vinagre;5.000;2016
Borra líquida;24.975;2016
Borra seca;82.367;2016
Vinho Composto;-;2016
Pisco;-;2016
Vinho orgânico;-;2016
Espumante orgânico;-;2016
Destilado alcoólico simples de bagaceira;-;2016
Vinho acidificado;-;2016
Mosto parcialmente fermentado;-;2016
Outros derivados;-;2016
Total;200.550.344;2016
VINHO DE MESA;255.015.187;2017
Tinto;1.365.957;2017
Branco;217.527.985;2017
Rosado;36.121.245;2017
VINHO FINO DE MESA (VINIFERA);44.537.870;2017
Tinto;21.442.212;2017
Branco;21.928.400;2017
Rosado;1.167.258;2017
SUCO;77.161.971;2017
Suco de uva integral;46.865.626;2017
Suco de uva concentrado;30.059.271;2017
Suco de uva adoçado;177.774;2017
Suco de uva orgânico;-;2017
Suco de uva reconstituído;59.300;2017
DERIVADOS;109.116.761;2017
Espumante;11.280;2017
Espumante moscatel;152.375;2017
Base espumante;-;2017
Base espumante moscatel;1.965.629;2017
Base Champenoise champanha;1.552.403;2017
Base Charmat champanha;893.364;2017
Bebida de uva;-;2017
Polpa de uva;2.507.125;2017
Mosto simples;101.010.116;2017
Mosto concentrado;-;2017
Mosto de uva com bagaço;772.110;2017
Mosto dessulfitado;-;2017
Mistelas;1.500;2017
Néctar de uva;3.000;2017
Licorosos;110.820;2017
Compostos;-;2017
Jeropiga;-;2017
Filtrado;-;2017
Frisante;-;2017
Vinho leve;-;2017
Vinho licoroso;110.820;2017
Brandy;-;2017
Destilado;-;2017
Bagaceira;900;2017
Licor de bagaceira;-;2017
Vinagre;25.319;2017
Borra líquida;-;2017
Borra seca;-;2017
Vinho Composto;-;2017
Pisco;-;2017
Vinho orgânico;-;2017
Espumante orgânico;-;2017
Destilado alcoólico simples de bagaceira;-;2017
Vinho acidificado;-;2017
Mosto parcialmente fermentado;-;2017
Outros derivados;-;2017
Total;485.831.789;2017
VINHO DE MESA;218.375.636;2018
Tinto;188.270.142;2018
Branco;29.229.970;2018
Rosado;875.524;2018
VINHO FINO DE MESA (VINIFERA);38.707.220;2018
Tinto;19.118.254;2018
Branco;18.297.257;2018
Rosado;1.291.709;2018
SUCO;65.467.906;2018
Suco de uva integral;34.367.996;2018
Suco de uva concentrado;31.099.910;2018
Suco de uva adoçado;-;2018
Suco de uva orgânico;-;2018
Suco de uva reconstituído;-;2018
DERIVADOS;95.202.101;2018
Espumante;68.500;2018
Espumante moscatel;326.200;2018
Base espumante;-;2018
Base espumante moscatel;1.320.650;2018
Base Champenoise champanha;228.518;2018
Base Charmat champanha;1.746.540;2018
Bebida de uva;-;2018
Polpa de uva;2.112.683;2018
Mosto simples;88.910.980;2018
Mosto concentrado;-;2018
Mosto de uva com bagaço;-;2018
Mosto dessulfitado;-;2018
Mistelas;2.000;2018
Néctar de uva;-;2018
Licorosos;-;2018
Compostos;-;2018
Jeropiga;-;2018
Filtrado;-;2018
Frisante;-;2018
Vinho leve;8.000;2018
Vinho licoroso;124.303;2018
Brandy;-;2018
Destilado;680;2018
Bagaceira;2.100;2018
Licor de bagaceira;-;2018
Vinagre;25.367;2018
Borra líquida;255.100;2018
Borra seca;70.480;2018
Vinho Composto;-;2018
Pisco;-;2018
Vinho orgânico;-;2018
Espumante orgânico;-;2018
Destilado alcoólico simples de bagaceira;-;2018
Vinho acidificado;-;2018
Mosto parcialmente fermentado;-;2018
Outros derivados;-;2018
Total;417.752.863;2018
VINHO DE MESA;144.629.737;2019
Tinto;121.045.115;2019
Branco;22.032.828;2019
Rosado;1.551.794;2019
VINHO FINO DE MESA (VINIFERA);37.615.422;2019
Tinto;17.389.377;2019
Branco;18.193.055;2019
Rosado;2.032.990;2019
SUCO;77.805.352;2019
Suco de uva integral;50.239.767;2019
Suco de uva concentrado;26.861.009;2019
Suco de uva adoçado;120.320;2019
Suco de uva orgânico;-;2019
Suco de uva reconstituído;584.256;2019
DERIVADOS;142.888.747;2019
Espumante;52.176;2019
Espumante moscatel;515.800;2019
Base espumante;-;2019
Base espumante moscatel;1.962.443;2019
Base Champenoise champanha;274.903;2019
Base Charmat champanha;1.188.095;2019
Bebida de uva;-;2019
Polpa de uva;1.480.269;2019
Mosto simples;135.614.344;2019
Mosto concentrado;-;2019
Mosto de uva com bagaço;645.816;2019
Mosto dessulfitado;1.000;2019
Mistelas;3.000;2019
Néctar de uva;32.519;2019
Licorosos;-;2019
Compostos;-;2019
Jeropiga;-;2019
Filtrado;-;2019
Frisante;-;2019
Vinho leve;-;2019
Vinho licoroso;99.485;2019
Brandy;-;2019
Destilado;-;2019
Bagaceira;10.495;2019
Licor de bagaceira;1.507;2019
Vinagre;76.096;2019
Borra líquida;901.431;2019
Borra seca;25.996;2019
Vinho Composto;-;2019
Pisco;3.372;2019
Vinho orgânico;-;2019
Espumante orgânico;-;2019
Destilado alcoólico simples de bagaceira;-;2019
Vinho acidificado;-;2019
Mosto parcialmente fermentado;-;2019
Outros derivados;-;2019
Total;402.939.258;2019
VINHO DE MESA;124.200.414;2020
Tinto;103.916.391;2020
Branco;19.568.734;2020
Rosado;715.289;2020
VINHO FINO DE MESA (VINIFERA);32.516.686;2020
Tinto;15.451.883;2020
Branco;15.487.915;2020
Rosado;1.576.888;2020
SUCO;69.261.287;2020
Suco de uva integral;40.718.523;2020
Suco de uva concentrado;27.963.865;2020
Suco de uva adoçado;107.289;2020
Suco de uva orgânico;471.610;2020
Suco de uva reconstituído;-;2020
DERIVADOS;92.533.804;2020
Espumante;32.399;2020
Espumante moscatel;689.139;2020
Base espumante;-;2020
Base espumante moscatel;3.006.705;2020
Base Champenoise champanha;200.777;2020
Base Charmat champanha;2.487.939;2020
Bebida de uva;-;2020
Polpa de uva;1.803.472;2020
Mosto simples;80.355.474;2020
Mosto concentrado;-;2020
Mosto de uva com bagaço;3.078.256;2020
Mosto dessulfitado;5.000;2020
Mistelas;-;2020
Néctar de uva;46.000;2020
Licorosos;-;2020
Compostos;-;2020
Jeropiga;2.000;2020
Filtrado;-;2020
Frisante;-;2020
Vinho leve;-;2020
Vinho licoroso;48.678;2020
Brandy;-;2020
Destilado;-;2020
Bagaceira;-;2020
Licor de bagaceira;5.800;2020
Vinagre;10.000;2020
Borra líquida;509.378;2020
Borra seca;167.587;2020
Vinho Composto;-;2020
Pisco;1.000;2020
Vinho orgânico;18.700;2020
Espumante orgânico;-;2020
Destilado alcoólico simples de bagaceira;500;2020
Vinho acidificado;65.000;2020
Mosto parcialmente fermentado;-;2020
Outros derivados;-;2020
Total;318.512.191;2020
VINHO DE MESA;173.899.995;2021
Tinto;146.075.996;2021
Branco;26.432.799;2021
Rosado;1.391.200;2021
VINHO FINO DE MESA (VINIFERA);43.474.998;2021
Tinto;20.433.249;2021
Branco;20.867.999;2021
Rosado;2.173.750;2021
SUCO;100.932.264;2021
Suco de uva integral;68.038.479;2021
Suco de uva concentrado;32.131.218;2021
Suco de uva adoçado;40.450;2021
Suco de uva orgânico;722.117;2021
Suco de uva reconstituído;-;2021
DERIVADOS;169.031.493;2021
Espumante;70.091;2021
Espumante moscatel;11.950;2021
Base espumante;5.475.049;2021
Base espumante moscatel;5.549.471;2021
Base Champenoise champanha;-;2021
Base Charmat champanha;-;2021
Bebida de uva;2.000;2021
Polpa de uva;1.180.578;2021
Mosto simples;153.579.926;2021
Mosto concentrado;-;2021
Mosto de uva com bagaço;618.764;2021
Mosto dessulfitado;1.532.000;2021
Mistelas;2.500;2021
Néctar de uva;18.187;2021
Licorosos;-;2021
Compostos;-;2021
Jeropiga;3.540;2021
Filtrado;-;2021
Frisante;1.390;2021
Vinho leve;-;2021
Vinho licoroso;30.000;2021
Brandy;120;2021
Destilado;-;2021
Bagaceira;12.060;2021
Licor de bagaceira;-;2021
Vinagre;7.500;2021
Borra líquida;116.450;2021
Borra seca;16.789;2021
Vinho Composto;160.000;2021
Pisco;-;2021
Vinho orgânico;93.884;2021
Espumante orgânico;2.412;2021
Destilado alcoólico simples de bagaceira;3.000;2021
Vinho acidificado;-;2021
Mosto parcialmente fermentado;543.510;2021
Outros derivados;322;2021
Total;487.338.750;2021
VINHO DE MESA;195.031.611;2022
Tinto;162.844.214;2022
Branco;30.198.430;2022
Rosado;1.988.968;2022
VINHO FINO DE MESA (VINIFERA);47.511.796;2022
Tinto;24.417.918;2022
Branco;20.896.613;2022
Rosado;2.197.265;2022
SUCO;65.809.079;2022
Suco de uva integral;35.248.305;2022
Suco de uva concentrado;29.892.550;2022
Suco de uva adoçado;79.130;2022
Suco de uva orgânico;589.094;2022
Suco de uva reconstituído;-;2022
DERIVADOS;138.501.226;2022
Espumante;70.759;2022
Espumante moscatel;27.200;2022
Base espumante;-;2022
Base espumante moscatel;6.308.043;2022
Base Champenoise champanha;1.146.717;2022
Base Charmat champanha;4.078.766;2022
Bebida de uva;-;2022
Polpa de uva;387.886;2022
Mosto simples;126.048.241;2022
Mosto concentrado;-;2022
Mosto de uva com bagaço;-;2022
Mosto dessulfitado;-;2022
Mistelas;-;2022
Néctar de uva;-;2022
Licorosos;-;2022
Compostos;-;2022
Jeropiga;5.000;2022
Filtrado;-;2022
Frisante;-;2022
Vinho leve;-;2022
Vinho licoroso;67.000;2022
Brandy;-;2022
Destilado;-;2022
Bagaceira;4.998;2022
Licor de bagaceira;-;2022
Vinagre;16.200;2022
Borra líquida;-;2022
Borra seca;-;2022
Vinho Composto;-;2022
Pisco;-;2022
Vinho orgânico;88.890;2022
Espumante orgânico;-;2022
Destilado alcoólico simples de bagaceira;4.300;2022
Vinho acidificado;-;2022
Mosto parcialmente fermentado;-;2022
Outros derivados;247.228;2022
Total;446.853.712;2022
VINHO DE MESA;169.762.429;2023
Tinto;139.320.884;2023
Branco;27.910.299;2023
Rosado;2.531.246;2023
VINHO FINO DE MESA (VINIFERA);46.268.556;2023
Tinto;23.615.783;2023
Branco;20.693.437;2023
Rosado;1.959.336;2023
SUCO;67.045.238;2023
Suco de uva integral;38.122.173;2023
Suco de uva concentrado;28.216.760;2023
Suco de uva adoçado;94.587;2023
Suco de uva orgânico;611.718;2023
Suco de uva reconstituído;-;2023
DERIVADOS;174.716.647;2023
Espumante;65.525;2023
Espumante moscatel;14.744;2023
Base espumante;-;2023
Base espumante moscatel;6.734.590;2023
Base Champenoise champanha;1.552.243;2023
Base Charmat champanha;5.418.118;2023
Bebida de uva;1.627;2023
Polpa de uva;1.388.251;2023
Mosto simples;157.848.983;2023
Mosto concentrado;-;2023
Mosto de uva com bagaço;7.784;2023
Mosto dessulfitado;-;2023
Mistelas;600;2023
Néctar de uva;70.976;2023
Licorosos;-;2023
Compostos;-;2023
Jeropiga;4.500;2023
Filtrado;-;2023
Frisante;-;2023
Vinho leve;-;2023
Vinho licoroso;73.600;2023
Brandy;450;2023
Destilado;-;2023
Bagaceira;-;2023
Licor de bagaceira;-;2023
Vinagre;9.000;2023
Borra líquida;758.140;2023
Borra seca;17.200;2023
Vinho Composto;-;2023
Pisco;-;2023
Vinho orgânico;94.150;2023
Espumante orgânico;1.365;2023
Destilado alcoólico simples de bagaceira;-;2023
Vinho acidificado;2.500;2023
Mosto parcialmente fermentado;-;2023
Outros derivados;652.301;2023
Total;457.792.870;2023
